{"_runtime": 73.676045963, "num_params": 30165381, "_timestamp": 1762982592.8492978, "_step": 62, "train/meta/loss_entropy": -0.0216064453125, "train/meta/loss_kl": 0.78125, "train/meta/loss_task": 0.07832948064534741, "train/meta/z_context_norm": 0.2177734375, "train/meta/z_mu_norm": 0.03076171875, "train/meta/z_std_mean": 0.0191650390625, "train/meta/gate_H_mean": 0.01556396484375, "train/meta/gate_std": 0.00131988525390625, "train/meta/total_loss": 0.07889507463479696, "train/lr": 6.200000000000001e-06, "train/meta/gate_L_mean": 0.015625, "eval/all/meta/z_std_mean": 0.01929565519094467, "eval/all/meta/gate_L_mean": 0.016346557065844536, "eval/all/meta/gate_std": 0.0011915931245312095, "eval/all/meta/loss_entropy": -0.0215916745364666, "eval/all/meta/z_mu_norm": 0.0305938720703125, "eval/all/meta/gate_H_mean": 0.01490490697324276, "eval/all/meta/total_loss": 0.07919846475124359, "eval/all/meta/z_context_norm": 0.0305938720703125, "eval/all/meta/loss_kl": 0.7687656283378601, "eval/all/meta/loss_task": 0.07864543795585632}