{"_wandb":{"runtime":113},"train/meta/gate_H_mean":0.0120849609375,"train/lr":5e-06,"train/meta/z_context_norm":0.7265625,"train/meta/gate_L_mean":0.05029296875,"train/meta/loss_kl":0.5859375,"eval/all/meta/loss_task":0.13391652703285217,"eval/all/meta/z_context_norm":0.2464951127767563,"train/kl_weight":0.00048249999999999996,"num_params":30165381,"eval/all/meta/gate_std":0.025146484375,"_runtime":113.03438243,"eval/all/meta/gate_L_mean":0.055909667164087296,"_timestamp":1.762987579191873e+09,"eval/all/meta/total_loss":0.13395635783672333,"train/meta/loss_task":0.13454573185638302,"eval/all/meta/z_mu_norm":0.24647949635982513,"train/meta/z_mu_norm":0.251953125,"eval/all/meta/loss_kl":0.5181386470794678,"_step":3187,"eval/all/meta/gate_H_mean":0.006500762887299061,"train/meta/z_std_mean":0.06005859375,"eval/all/meta/z_std_mean":0.06110205128788948,"train/meta/loss_entropy":-0.0306396484375,"train/meta/gate_std":0.01953125,"eval/all/meta/loss_entropy":-0.020938720554113388,"train/meta/total_loss":0.13452093632415646}